id,day,slot,category,title,summary,detail,CORRECTED_title,CORRECTED_summary,CORRECTED_detail,notes
schools-database-segmentation,monday,morning,targeting,Schools database: update key contacts,"Update the database of New Zealand schools that tells us who to talk to, and about what.","Keep the database of schools across New Zealand current: principals, roll size, region, school type. Whenever we plan outreach or a launch, it starts here. Which schools does this actually suit, and who at those schools should hear about it first? Done properly, a school hears from us about something relevant to them, not another generic vendor email.",,,,
sales-strategy-pipeline-review,monday,afternoon,pipeline,Sales pipeline review,"Go through every open opportunity: what is the next step, and is it real?","Sit down with the pipeline once a week and be honest about it. Some opportunities need a call, some need a proposal, some need to be parked because the school is not going to move this year. Doing that every week keeps the pipeline something I can plan the business around, not a list of hopeful names.",,,,
feature-launch-media,tuesday,morning,campaigns,New feature launch: media and promotion plan,Prepare the launch material for a new billable feature and plan how customers will hear about it.,"The platform has a new feature we can bill for, so build the launch around it: a one-pager, an email sequence, a short video showing what the feature does in a real school context, and a plan for which customers hear about it first. A feature only becomes revenue when schools understand what it does for them, so plan the promotion, the training and the pricing together as one piece of work.",,,,
network-building-partner-calls,tuesday,afternoon,pipeline,Teacher network and partner calls,Keep up the nationwide network of teachers and school leaders that most of our referrals come through.,"Run calls with the network of teachers and school leaders across the country who use it to share resources and ideas with each other. Keep the relationships genuine: help people with things that have nothing to sell attached. Most of our best introductions come from someone in that network mentioning us to a colleague, and that only happens if you are useful to people between sales.",,,,
renewal-board-prep,wednesday,morning,commercial,Contract renewal: prepare for a school board,Put together the case for a school board deciding whether to renew their contract.,"This schools contract is up for renewal and the decision sits with their board, so prepare for it properly. What has the school actually used? What has changed since they signed? What will the renewal cost, and why? A board deserves a clear, honest account, and renewals are where a business like this lives or dies. Never treat one as a formality.",,,,
proposals-and-eulas,wednesday,afternoon,pipeline,Proposals and licence agreements,Write the proposal and agreement that turn a good conversation into a signed customer.,"Write our proposals and end-user licence agreements myself. Shape each proposal to the school it is going to: their size, their situation, what they told me they are trying to fix, not something assembled from a template. The agreement side matters just as much. Clear terms up front mean fewer surprises later, for the school and for us.",,,,
lead-generation-hooks-assets,thursday,morning,measurement,Sales assets and lead generation review,"Check which of our materials are starting real conversations, and fix the ones that are not.","I make all of our sales material: presentations, demos, phone scripts, email sequences. Once it is in use, pay attention to what it actually produces. An asset generating downloads but no conversations gets rewritten or retired. The test is always the same: does this start a conversation with a school we genuinely suit?",,,,
marketing-automation-review,thursday,afternoon,campaigns,Email marketing and automation,Keep the automated email sequences matched to the schools they were written for.,"Our email sequences are written for particular school profiles, and they drift out of date quietly as those profiles change. Review the triggers, the timing and the hand-off points, so a principal gets messaging that fits their school and a real person picks up the conversation at the moment interest is highest.",,,,
renewal-board-presentation,friday,morning,pipeline,Present a renewal to a school board,Stand in front of a school’s board and make the case for another term.,"A board meeting is a different room from a staffroom. Governors want to know what the school got, what it costs, and why it is still the right choice, and they ask direct questions. Present the renewal case in person and answer plainly. In the end a renewal is won by everything the school experienced over the term, but it still has to be presented well in that room.",,,,
growth-metrics-conversion-tracking,friday,afternoon,measurement,Growth metrics and conversion tracking,"Track which kinds of schools become customers who stay, and put the effort there.","The useful question is never how many leads came in; it is which kinds of schools become customers who stay. Track that from first contact through to renewal. It tells us where to put effort next and what to stop spending time on, and it means that when I report to the board, the numbers have a story I can stand behind.",,,,
funded-programme-facilitation,monday,morning,learning-design,MoE funded training and facilitation,Deliver Ministry of Education funded training and strategic guidance in schools.,"I am an accredited Ministry of Education facilitator, so schools can use Ministry funding to bring me in for training and digital strategy work. Deliver those sessions myself and keep the programme to what the funding requires: genuinely useful help for the school, with the reporting side kept clean without taking over the room.",,,,
technical-implementation-new-accounts,monday,afternoon,implementation,Technical implementation update: new schools,Plan and run the technical setup that turns a signed agreement into a working platform.,"A new school signing up starts the real work. Plan the implementation sequence, agree who owns which decision on the school’s side, and make sure the technical configuration matches how the school actually intends to use the platform. Getting this right up front is the difference between a school that adopts and a school that stalls.",,,,
feature-training-design,tuesday,morning,learning-design,New feature: design the training,"Build the training that goes out with the new billable feature: video, self-paced material, workshops.","Design the training to go with the feature we are launching: short videos, self-paced material and workshop content, depending on who the audience is. Schools do not keep paying for a feature they cannot confidently use, so the training is part of the product, not an afterthought. Have it ready before the first customer hears the announcement.",,,,
customer-onboarding-sessions,tuesday,afternoon,enablement,Customer onboarding sessions,"Run onboarding across every group in a school: leadership, staff, students, parents, support staff.","Onboarding a school means onboarding everyone in it, and each group needs something different. Leadership needs to make the decisions a rollout depends on; staff need to see what will change day to day; students, parents and support staff each have their own path. Run these sessions myself. The schools where this gets done properly are the schools that renew without drama.",,,,
support-team-briefing,wednesday,morning,support,Support team briefing: the new feature,Walk the support team through the new feature and agree how we will support it.,"Before the new feature reaches customers, sit down with the support team and go through it properly: what it does, what schools are likely to ask, what can go wrong, and how we will handle each of those. Support finding out about a feature from a confused customer is a failure you can prevent with one meeting, so the support plan ships with the feature, not after it.",,,,
support-materials-updates,wednesday,afternoon,support,Support materials and resources,Keep the help material current so the same question stops arriving as a ticket.,"Design and write our support materials, then keep them honest. When the same question keeps coming through as a ticket, that is the material failing, not the customer, so rewrite the piece that did not answer it and keep everything aligned with the platform as it changes. Good support material is the cheapest support person you will ever hire.",,,,
moe-integration-tool,thursday,morning,implementation,Ministry integration tool: design and support,Design and support a tool that takes days of manual database work off every school that uses it.,"Schools are losing days of manual database work getting their student data where it needs to be. Design an integration tool that connects the platform to the Ministry of Education’s systems and does that work for them, and provide the technical support behind it. Nobody asks you to build this kind of thing. Notice the problem, build the fix, and every school that uses it gets days of their year back.",,,,
bespoke-onboarding-design,thursday,afternoon,enablement,Design a bespoke onboarding path,"Shape an onboarding plan around a particular school, rather than run a standard rollout.","No two schools adopt a platform the same way. A small rural school and a large city college need different first steps, different pacing and different training formats. Design each customer’s onboarding path around their size, their staff’s confidence and what they want the platform to do first. It is slower to prepare than a standard rollout, and much faster to succeed.",,,,
implementation-blockers-qa,friday,morning,support,Implementation blockers and QA,"Clear what is holding live implementations up, and fix the causes, not just the cases.","Every week some implementations have something stuck: a data issue, a configuration question, a decision waiting on someone. Work through the open ones and clear what can be cleared. Just as important is spotting when the same blocker shows up twice, because that means the process needs fixing so the next school never meets it.",,,,
delivery-capacity-planning,friday,afternoon,implementation,Delivery capacity planning,Match what sales is about to close against what we can actually deliver well.,"Selling past your ability to deliver is the fastest way to lose the customers you already have. Map the committed implementations and training against the time we actually have, and feed the honest answer back into the sales side. Sometimes that means slowing a deal down so the school’s experience holds up. It always pays for itself at renewal.",,,,
sla-billing-strategy,monday,morning,commercial,Service agreements and billing review,Keep what we promise in writing lined up with what we can actually deliver.,"I design our service agreements, billing and invoicing, and review them regularly against reality. A service level agreement is a promise with a signature on it, so check what we have committed to against what we are resourced to provide, and adjust the billing structure as the customer base grows. Keeping the paperwork honest means renewals never turn into arguments.",,,,
financial-strategy-forecasting,monday,afternoon,commercial,Financial strategy and forecasting,Model the year around the school funding cycle rather than a straight line.,"School budgets run on their own calendar, and it does not look like a standard sales year. Build our financial projections around when schools can actually commit money. That changes when we invest in pipeline and how we staff delivery through the quieter months. The forecasting is mine end to end: modelling, projections and the decisions that come out of them.",,,,
feature-billing-plan,tuesday,morning,commercial,New feature: create the billing and outbound comms,Work out what the new feature will cost customers and how it will be billed.,"The last piece of the feature launch is the money: what schools will pay, how it will sit on their invoice, and how it will roll into their renewal. Set the pricing so it is fair for a small school and a large one, and make sure the promotion, the training and the billing land as one coherent experience, so a customer hears about the feature, learns it, and pays for it without any part feeling bolted on.",,,,
staff-management-one-to-ones,tuesday,afternoon,people,Staff one-to-ones,"Sit down with each person on the team, because in a small team problems get absorbed silently.","I manage our internal staff and our external contractors. In a team small enough that everyone is load-bearing, the one-to-one is the early warning system. Use these conversations to surface where someone is quietly carrying too much, and what they need from me to make decisions without waiting on me. Good people leave quietly if you only talk to them when something is wrong.",,,,
international-reseller-sync,wednesday,morning,partnerships,International vendor relationship,"Work directly with the platform’s international vendor: roadmap, licensing, reseller terms.","We resell an international platform, so part of every week is working with the vendor: what is on their roadmap, what needs adapting for New Zealand schools, and what our licensing and reseller terms need to be. I am the single point of contact across their sales, technical, support and leadership teams, and I negotiate and renew the partnership contract itself.",,,,
vendor-supplier-management,wednesday,afternoon,partnerships,Suppliers and contractors,"Hold our suppliers and contractors to dates and standards, so their slippage never reaches a customer.","Beyond the platform vendor there is a ring of suppliers and contractors: production, print, technical contractors, service providers. A supplier missing a deadline becomes your missed deadline in the customer’s eyes, so keep timelines explicit, review the work against what was agreed, and replace relationships that repeatedly cost us. Referral partners sit in this mix too, and those I invest in.",,,,
operational-workflows-tooling,thursday,morning,systems,Operational workflows and tooling,Turn the processes that run on memory into processes that run on a system.,"Any process that only works because a particular person remembers it is a risk waiting for someone’s leave to fall due. Document and rebuild the recurring workflows: onboarding, renewals, handover, so they run off a system rather than off recall. Unglamorous work, but it is why the operation can scale without me becoming the bottleneck.",,,,
resource-allocation,thursday,afternoon,people,Resource allocation,"Set the week’s priorities against real availability, and say out loud what we will not do.","Allocation is mostly the discipline of naming what gets dropped. Set the week’s commitments against the time we actually have, and make the trade-offs visible, so nobody is quietly holding three things that have each been called the priority. The team can push back on a visible plan; they cannot push back on an assumption.",,,,
board-reporting-compilation,friday,morning,systems,Board reporting,"Write the regular report to the board, including the parts that are not going well.","Report regularly to the board, and write those reports to be acted on, not admired. Performance, pipeline, delivery and finances go in as they are, including the problems, while they are still small enough to fix. A report that requires no response from the board is a report that was not worth writing.",,,,
annual-uplift-planning,friday,afternoon,commercial,Annual uplift and exchange-rate planning,Plan the annual price uplift so exchange-rate movement does not quietly eat the margin.,"Our licensing costs are in a foreign currency and our customers pay in New Zealand dollars, so exchange-rate movement goes straight to the margin unless it is planned for. Each year work through the uplift: what our costs have actually done, what increase customers need to see to hold our margin, and how to communicate it so a school understands the reason, rather than just receiving a bigger invoice with no explanation.",,,,